[
  {
    "action_vars": {},
    "actions": [
      {
        "extid": "etc_hosts_update",
        "name": "Add info about hosts to /etc/hosts",
        "params": null,
        "shell": "ansible-playbook -i hosts/host network.yml"
      },
      {
        "extid": "copy_file_hadoop",
        "name": "Copy hadoop from local FS",
        "params": null,
        "shell": "sshpass -p {password_master} scp  -o StrictHostKeyChecking=no {download_path_with_file} {username_master}@{hostname_master}:{download_path}"
      },
      {
        "extid": "download_from_server",
        "name": "Download hadoop from URL",
        "params": null,
        "shell": "wget {remote_server_uri} -d {download_path}"
      }
    ],
    "extid": "INIT_HADOOP",
    "files_vars": {},
    "hosts": [],
    "name": "Init service hadoop",
    "requirements_groups": null,
    "vars_service": [
      {
        "description": [
          "download_path_with_file",
          "username_master",
          "hostname_master",
          "password_master",
          "download_path"
        ],
        "extid": "copy_file_hadoop",
        "file": null,
        "type": "action"
      },
      {
        "description": [
          "remote_server_uri",
          "download_path"
        ],
        "extid": "download_from_server",
        "file": null,
        "type": "action"
      }
    ]
  },
  {
    "action_vars": {},
    "actions": [
      {
        "extid": "install_master",
        "name": "Install master",
        "params": null,
        "shell": "ansible-playbook -i hosts/host master.yml"
      },
      {
        "extid": "install_worker",
        "name": "Install worker",
        "params": null,
        "shell": "ansible-playbook -i hosts/host workers.yml -e \"master_ip={master_ip} master_hostname={master_hostname}\""
      },
      {
        "extid": "add_host_TODO",
        "name": "Add hosts",
        "params": null,
        "shell": "config hosts change; install worker"
      }
    ],
    "extid": "HDFS_INSTALL",
    "files_vars": {},
    "hosts": [],
    "name": "Install hdfs",
    "requirements_groups": [
      {
        "count": 1,
        "quantity_max": 1,
        "type_host": "master"
      },
      {
        "count": 1,
        "quantity_max": null,
        "type_host": "workers"
      }
    ],
    "vars_service": [
      {
        "description": [
          "master_ip",
          "master_hostname"
        ],
        "extid": "install_worker",
        "file": null,
        "type": "action"
      }
    ]
  }
]
